UTC_DATE,UTC_TIME,P_CALC
20200101,100,0
20200101,200,0
20200101,300,0
20200101,400,0
20200101,500,0
20200101,600,0
20200101,700,0.3
20200101,800,0
20200101,900,0
20200101,1000,0
20200101,1100,0.9
20200101,1200,3.7
20200101,1300,4.9
20200101,1400,3.5
20200101,1500,3.7
20200101,1600,1.1
20200101,1700,1.7
20200101,1800,1.6
20200101,1900,0.5
20200101,2000,0
20200101,2100,0.3
20200101,2200,1.5
20200101,2300,1.7
20200102,0,0.2
20200102,100,0
20200102,200,0
20200102,300,0
20200102,400,0.3
20200102,500,0
20200102,600,0.9
20200102,700,0.4
20200102,800,0
20200102,900,0
20200102,1000,0.3
20200102,1100,0
20200102,1200,0
20200102,1300,0
20200102,1400,0
20200102,1500,0
20200102,1600,0
20200102,1700,0
20200102,1800,0.2
20200102,1900,0
20200102,2000,0.3
20200102,2100,0
20200102,2200,0
20200102,2300,0
20200103,0,0
20200103,100,0
20200103,200,0
20200103,300,0
20200103,400,0
20200103,500,0
20200103,600,0
20200103,700,0
20200103,800,0
20200103,900,0
20200103,1000,0
20200103,1100,0
20200103,1200,0
20200103,1300,0
20200103,1400,0
20200103,1500,0
20200103,1600,0
20200103,1700,0
20200103,1800,0
20200103,1900,0
20200103,2000,0
20200103,2100,0
20200103,2200,0
20200103,2300,0
20200104,0,0
20200104,100,0
20200104,200,0
20200104,300,0
20200104,400,0
20200104,500,0
20200104,600,0
20200104,700,0
20200104,800,0
20200104,900,0
20200104,1000,0
20200104,1100,0
20200104,1200,0
20200104,1300,0
20200104,1400,0
20200104,1500,0
20200104,1600,0.2
20200104,1700,0
20200104,1800,0
20200104,1900,0
20200104,2000,0
20200104,2100,0
20200104,2200,0.2
20200104,2300,0
20200105,0,0
20200105,100,0.4
20200105,200,0.3
20200105,300,0
20200105,400,1
20200105,500,0.5
20200105,600,0
20200105,700,0
20200105,800,0
20200105,900,0
20200105,1000,0
20200105,1100,0
20200105,1200,0
20200105,1300,0
20200105,1400,0
20200105,1500,0
20200105,1600,0
20200105,1700,0
20200105,1800,0
20200105,1900,0
20200105,2000,0
20200105,2100,0
20200105,2200,0
20200105,2300,0
20200106,0,0
20200106,100,0
20200106,200,0
20200106,300,0
20200106,400,0
20200106,500,0
20200106,600,0
20200106,700,0
20200106,800,0
20200106,900,0.6
20200106,1000,2.4
20200106,1100,4.2
20200106,1200,0.3
20200106,1300,0
20200106,1400,1.5
20200106,1500,0.7
20200106,1600,0
20200106,1700,0
20200106,1800,0
20200106,1900,0.7
20200106,2000,0
20200106,2100,0
20200106,2200,0
20200106,2300,0.2
20200107,0,0
20200107,100,0
20200107,200,0
20200107,300,0
20200107,400,1.7
20200107,500,1.3
20200107,600,0.3
20200107,700,0.2
20200107,800,0.3
20200107,900,0
20200107,1000,0
20200107,1100,0
20200107,1200,0
20200107,1300,0
20200107,1400,0
20200107,1500,0
20200107,1600,1.1
20200107,1700,0.2
20200107,1800,0
20200107,1900,0.3
20200107,2000,0.4
20200107,2100,3
20200107,2200,0.9
20200107,2300,0
20200108,0,3.1
20200108,100,1.3
20200108,200,0.3
20200108,300,1.5
20200108,400,0.9
20200108,500,0
20200108,600,0
20200108,700,0
20200108,800,0
20200108,900,0
20200108,1000,0
20200108,1100,0
20200108,1200,0
20200108,1300,0
20200108,1400,0
20200108,1500,0
20200108,1600,0
20200108,1700,1.7
20200108,1800,0
20200108,1900,0
20200108,2000,0.3
20200108,2100,0.4
20200108,2200,0
20200108,2300,0
20200109,0,0
20200109,100,0.2
20200109,200,1.2
20200109,300,0.9
20200109,400,0
20200109,500,0
20200109,600,1
20200109,700,0.2
20200109,800,3.2
20200109,900,0.7
20200109,1000,0
20200109,1100,0
20200109,1200,0
20200109,1300,0
20200109,1400,0
20200109,1500,0
20200109,1600,0
20200109,1700,0
20200109,1800,0
20200109,1900,0
20200109,2000,0
20200109,2100,0
20200109,2200,0
20200109,2300,0
20200110,0,0
20200110,100,0
20200110,200,0
20200110,300,0
20200110,400,0
20200110,500,0.3
20200110,600,0
20200110,700,0
20200110,800,0
20200110,900,0
20200110,1000,0
20200110,1100,0
20200110,1200,0
20200110,1300,0
20200110,1400,0
20200110,1500,0
20200110,1600,0
20200110,1700,0
20200110,1800,0
20200110,1900,0
20200110,2000,0
20200110,2100,0
20200110,2200,0
20200110,2300,0
20200111,0,0
20200111,100,0
20200111,200,0
20200111,300,0
20200111,400,0
20200111,500,0
20200111,600,0
20200111,700,0
20200111,800,0
20200111,900,0
20200111,1000,0
20200111,1100,0
20200111,1200,0
20200111,1300,0
20200111,1400,0
20200111,1500,0
20200111,1600,0
20200111,1700,0
20200111,1800,0
20200111,1900,0
20200111,2000,0
20200111,2100,0
20200111,2200,0
20200111,2300,0
20200112,0,0
20200112,100,0
20200112,200,0
20200112,300,0
20200112,400,0
20200112,500,0
20200112,600,0
20200112,700,0
20200112,800,0
20200112,900,0
20200112,1000,0.3
20200112,1100,0
20200112,1200,0
20200112,1300,0
20200112,1400,0
20200112,1500,0
20200112,1600,0
20200112,1700,0
20200112,1800,0
20200112,1900,0
20200112,2000,0
20200112,2100,0.3
20200112,2200,0
20200112,2300,0
20200113,0,0
20200113,100,0
20200113,200,0
20200113,300,0
20200113,400,0
20200113,500,0
20200113,600,0
20200113,700,0
20200113,800,0
20200113,900,0
20200113,1000,0
20200113,1100,0
20200113,1200,0
20200113,1300,0
20200113,1400,0
20200113,1500,0
20200113,1600,0
20200113,1700,0
20200113,1800,0
20200113,1900,0
20200113,2000,0
20200113,2100,0.3
20200113,2200,0
20200113,2300,0
20200114,0,0
20200114,100,0
20200114,200,0
20200114,300,0
20200114,400,0
20200114,500,0
20200114,600,0
20200114,700,0
20200114,800,0
20200114,900,0
20200114,1000,0
20200114,1100,0
20200114,1200,0
20200114,1300,0
20200114,1400,0
20200114,1500,0
20200114,1600,0
20200114,1700,0
20200114,1800,0
20200114,1900,0
20200114,2000,0.2
20200114,2100,0.2
20200114,2200,0
20200114,2300,0
20200115,0,0
20200115,100,0
20200115,200,0
20200115,300,0
20200115,400,0
20200115,500,0
20200115,600,0
20200115,700,0
20200115,800,0
20200115,900,0
20200115,1000,0
20200115,1100,0
20200115,1200,0
20200115,1300,0
20200115,1400,0
20200115,1500,0
20200115,1600,0
20200115,1700,0
20200115,1800,0
20200115,1900,0
20200115,2000,0
20200115,2100,0.4
20200115,2200,0
20200115,2300,0
20200116,0,0
20200116,100,0
20200116,200,0
20200116,300,0
20200116,400,0
20200116,500,0
20200116,600,0
20200116,700,0
20200116,800,0
20200116,900,0
20200116,1000,0
20200116,1100,0
20200116,1200,0
20200116,1300,0
20200116,1400,0
20200116,1500,0
20200116,1600,0
20200116,1700,0
20200116,1800,0
20200116,1900,0
20200116,2000,0
20200116,2100,0
20200116,2200,0
20200116,2300,0
20200117,0,0
20200117,100,0
20200117,200,0
20200117,300,0
20200117,400,0
20200117,500,0
20200117,600,0
20200117,700,0
20200117,800,0
20200117,900,0
20200117,1000,0
20200117,1100,0
20200117,1200,0
20200117,1300,0
20200117,1400,0
20200117,1500,0
20200117,1600,0
20200117,1700,0
20200117,1800,0
20200117,1900,0
20200117,2000,0
20200117,2100,0.2
20200117,2200,0
20200117,2300,0
20200118,0,0
20200118,100,0
20200118,200,0
20200118,300,0
20200118,400,0
20200118,500,0
20200118,600,0.2
20200118,700,0
20200118,800,0
20200118,900,0
20200118,1000,0
20200118,1100,0
20200118,1200,0
20200118,1300,0
20200118,1400,0.3
20200118,1500,0
20200118,1600,0
20200118,1700,0
20200118,1800,0
20200118,1900,0.4
20200118,2000,0
20200118,2100,0
20200118,2200,0
20200118,2300,0
20200119,0,0
20200119,100,0
20200119,200,0.3
20200119,300,0
20200119,400,0
20200119,500,0.3
20200119,600,0
20200119,700,0
20200119,800,0.2
20200119,900,0
20200119,1000,0
20200119,1100,0
20200119,1200,0.4
20200119,1300,0
20200119,1400,0
20200119,1500,0.7
20200119,1600,0.2
20200119,1700,0
20200119,1800,0.4
20200119,1900,0
20200119,2000,0
20200119,2100,1
20200119,2200,0.5
20200119,2300,0.6
20200120,0,0
20200120,100,0
20200120,200,0
20200120,300,0
20200120,400,0.2
20200120,500,0
20200120,600,0
20200120,700,0
20200120,800,0
20200120,900,0
20200120,1000,0
20200120,1100,0
20200120,1200,0
20200120,1300,0.2
20200120,1400,0
20200120,1500,0
20200120,1600,0
20200120,1700,0
20200120,1800,0
20200120,1900,0
20200120,2000,0
20200120,2100,0
20200120,2200,0
20200120,2300,0.2
20200121,0,0
20200121,100,0
20200121,200,0
20200121,300,0
20200121,400,0
20200121,500,0
20200121,600,0
20200121,700,0
20200121,800,0
20200121,900,0
20200121,1000,0
20200121,1100,0
20200121,1200,0
20200121,1300,0
20200121,1400,0
20200121,1500,0
20200121,1600,0
20200121,1700,0.4
20200121,1800,0
20200121,1900,0
20200121,2000,0
20200121,2100,0.2
20200121,2200,0
20200121,2300,0.2
20200122,0,0.7
20200122,100,0.8
20200122,200,0.6
20200122,300,0.7
20200122,400,0.9
20200122,500,0.3
20200122,600,0.3
20200122,700,0
20200122,800,0
20200122,900,0
20200122,1000,0
20200122,1100,0.3
20200122,1200,0.3
20200122,1300,0
20200122,1400,0.2
20200122,1500,0
20200122,1600,0
20200122,1700,0
20200122,1800,0
20200122,1900,0
20200122,2000,0
20200122,2100,0
20200122,2200,0
20200122,2300,0
20200123,0,0
20200123,100,0
20200123,200,0
20200123,300,0
20200123,400,0
20200123,500,0
20200123,600,0
20200123,700,0
20200123,800,0.5
20200123,900,0
20200123,1000,0.2
20200123,1100,1.4
20200123,1200,0.2
20200123,1300,0
20200123,1400,0.2
20200123,1500,0
20200123,1600,0
20200123,1700,0
20200123,1800,0
20200123,1900,0
20200123,2000,0.2
20200123,2100,1.4
20200123,2200,3.7
20200123,2300,2.9
20200124,0,2.8
20200124,100,3
20200124,200,4.6
20200124,300,2.6
20200124,400,1.6
20200124,500,0.7
20200124,600,1
20200124,700,0.7
20200124,800,0.5
20200124,900,0.3
20200124,1000,0.4
20200124,1100,0.3
20200124,1200,0.7
20200124,1300,1.7
20200124,1400,1.8
20200124,1500,0.9
20200124,1600,0.5
20200124,1700,0.4
20200124,1800,0.6
20200124,1900,0
20200124,2000,0.2
20200124,2100,0.7
20200124,2200,0.9
20200124,2300,1.7
20200125,0,0.4
20200125,100,0
20200125,200,0.4
20200125,300,0.4
20200125,400,1.3
20200125,500,0.4
20200125,600,1.2
20200125,700,0.2
20200125,800,2
20200125,900,0.2
20200125,1000,0
20200125,1100,0
20200125,1200,0
20200125,1300,0
20200125,1400,0
20200125,1500,0
20200125,1600,0.2
20200125,1700,0.8
20200125,1800,1
20200125,1900,0.7
20200125,2000,0.6
20200125,2100,0
20200125,2200,0.9
20200125,2300,0.6
20200126,0,1.7
20200126,100,3.7
20200126,200,3.3
20200126,300,0.5
20200126,400,0
20200126,500,0
20200126,600,0
20200126,700,0.2
20200126,800,0.4
20200126,900,1.7
20200126,1000,2.1
20200126,1100,2
20200126,1200,1
20200126,1300,1.3
20200126,1400,0.8
20200126,1500,0.9
20200126,1600,0.8
20200126,1700,1.9
20200126,1800,1.5
20200126,1900,0.8
20200126,2000,1.1
20200126,2100,0.4
20200126,2200,0
20200126,2300,0
20200127,0,0
20200127,100,0
20200127,200,0
20200127,300,0.5
20200127,400,1.6
20200127,500,0.6
20200127,600,1.4
20200127,700,1
20200127,800,0.9
20200127,900,1.1
20200127,1000,0.9
20200127,1100,1.1
20200127,1200,0.6
20200127,1300,0
20200127,1400,0.2
20200127,1500,0
20200127,1600,0.9
20200127,1700,0.9
20200127,1800,0.8
20200127,1900,0.6
20200127,2000,0.2
20200127,2100,0
20200127,2200,0
20200127,2300,0
20200128,0,0
20200128,100,0
20200128,200,0
20200128,300,0.5
20200128,400,1.4
20200128,500,1.1
20200128,600,0
20200128,700,0.2
20200128,800,0
20200128,900,0
20200128,1000,0
20200128,1100,0
20200128,1200,0
20200128,1300,0.4
20200128,1400,0
20200128,1500,1.2
20200128,1600,0.7
20200128,1700,0.2
20200128,1800,1.5
20200128,1900,0.8
20200128,2000,0
20200128,2100,0
20200128,2200,0
20200128,2300,0
20200129,0,0
20200129,100,0
20200129,200,0
20200129,300,0
20200129,400,0.3
20200129,500,0.7
20200129,600,1.3
20200129,700,1.6
20200129,800,2.2
20200129,900,1.9
20200129,1000,0.6
20200129,1100,0
20200129,1200,0.7
20200129,1300,1.8
20200129,1400,1.4
20200129,1500,2
20200129,1600,0.8
20200129,1700,0.3
20200129,1800,0.6
20200129,1900,1.4
20200129,2000,0.2
20200129,2100,0
20200129,2200,0
20200129,2300,0.2
20200130,0,0
20200130,100,0.3
20200130,200,0
20200130,300,0
20200130,400,0
20200130,500,0.9
20200130,600,1.4
20200130,700,0.5
20200130,800,0.2
20200130,900,0
20200130,1000,0
20200130,1100,0
20200130,1200,0
20200130,1300,0.2
20200130,1400,0.4
20200130,1500,1.2
20200130,1600,5.2
20200130,1700,4.8
20200130,1800,4
20200130,1900,0.5
20200130,2000,4.4
20200130,2100,0.2
20200130,2200,0.2
20200130,2300,0
20200131,0,0
20200131,100,1.1
20200131,200,2
20200131,300,0
20200131,400,6.7
20200131,500,0
20200131,600,0
20200131,700,0
20200131,800,1.7
20200131,900,0
20200131,1000,0
20200131,1100,0
20200131,1200,0.6
20200131,1300,0
20200131,1400,0.5
20200131,1500,0.4
20200131,1600,1.1
20200131,1700,0.2
20200131,1800,0.4
20200131,1900,0.5
20200131,2000,0
20200131,2100,0
20200131,2200,0
20200131,2300,0
20200201,0,0
20200201,100,0
20200201,200,0.4
20200201,300,0.3
20200201,400,1.4
20200201,500,0.8
20200201,600,1.6
20200201,700,0
20200201,800,0.6
20200201,900,0
20200201,1000,0.6
20200201,1100,0.3
20200201,1200,1.1
20200201,1300,0
20200201,1400,2
20200201,1500,0
20200201,1600,0
20200201,1700,0.5
20200201,1800,0
20200201,1900,0.5
20200201,2000,1.3
20200201,2100,0.3
20200201,2200,0.3
20200201,2300,0.4
20200202,0,0.7
20200202,100,0.7
20200202,200,3.3
20200202,300,0
20200202,400,0.9
20200202,500,0
20200202,600,0.9
20200202,700,0.8
20200202,800,0
20200202,900,0
20200202,1000,0
20200202,1100,0.3
20200202,1200,0
20200202,1300,0.4
20200202,1400,0.3
20200202,1500,0.2
20200202,1600,0
20200202,1700,0
20200202,1800,0
20200202,1900,0
20200202,2000,0
20200202,2100,0.6
20200202,2200,0
20200202,2300,0
20200203,0,0.2
20200203,100,0
20200203,200,0
20200203,300,0
20200203,400,0
20200203,500,0
20200203,600,0
20200203,700,0
20200203,800,0
20200203,900,0
20200203,1000,0.4
20200203,1100,0
20200203,1200,0
20200203,1300,0
20200203,1400,0.2
20200203,1500,0
20200203,1600,0
20200203,1700,0.2
20200203,1800,0
20200203,1900,0
20200203,2000,0.2
20200203,2100,0
20200203,2200,0
20200203,2300,0
20200204,0,0
20200204,100,0.2
20200204,200,0
20200204,300,0.2
20200204,400,0.4
20200204,500,0
20200204,600,1
20200204,700,1.1
20200204,800,1.2
20200204,900,0.8
20200204,1000,1.4
20200204,1100,1.3
20200204,1200,2
20200204,1300,1.6
20200204,1400,1.5
20200204,1500,1.8
20200204,1600,0.7
20200204,1700,0.2
20200204,1800,0.4
20200204,1900,1
20200204,2000,0.2
20200204,2100,0
20200204,2200,0.3
20200204,2300,0
20200205,0,0
20200205,100,0
20200205,200,0
20200205,300,0
20200205,400,0
20200205,500,0
20200205,600,0
20200205,700,0.7
20200205,800,0.9
20200205,900,1.1
20200205,1000,1.9
20200205,1100,2.7
20200205,1200,1.6
20200205,1300,0.9
20200205,1400,0.9
20200205,1500,0.9
20200205,1600,0
20200205,1700,0
20200205,1800,0.4
20200205,1900,0.7
20200205,2000,0.5
20200205,2100,0.7
20200205,2200,0.3
20200205,2300,1.2
20200206,0,0.4
20200206,100,0
20200206,200,0.2
20200206,300,0.5
20200206,400,0
20200206,500,0
20200206,600,0
20200206,700,0
20200206,800,0
20200206,900,1.3
20200206,1000,0
20200206,1100,0.7
20200206,1200,2.3
20200206,1300,0.5
20200206,1400,0.3
20200206,1500,0.6
20200206,1600,0
20200206,1700,2.3
20200206,1800,0.4
20200206,1900,0
20200206,2000,1.9
20200206,2100,3.2
20200206,2200,0.9
20200206,2300,0.8
20200207,0,0.3
20200207,100,1.1
20200207,200,0.3
20200207,300,0
20200207,400,0
20200207,500,0
20200207,600,0
20200207,700,0
20200207,800,0
20200207,900,0
20200207,1000,0
20200207,1100,0
20200207,1200,0
20200207,1300,0
20200207,1400,0
20200207,1500,0
20200207,1600,0
20200207,1700,0
20200207,1800,0
20200207,1900,0
20200207,2000,0
20200207,2100,0
20200207,2200,0
20200207,2300,0
20200208,0,0
20200208,100,0
20200208,200,0
20200208,300,0
20200208,400,0
20200208,500,0
20200208,600,0
20200208,700,0
20200208,800,0.4
20200208,900,0
20200208,1000,0
20200208,1100,0.5
20200208,1200,0
20200208,1300,0.4
20200208,1400,0.4
20200208,1500,0
20200208,1600,0
20200208,1700,0.3
20200208,1800,0
20200208,1900,0
20200208,2000,0.2
20200208,2100,0.4
20200208,2200,2.2
20200208,2300,2.4
20200209,0,3
20200209,100,4.1
20200209,200,4.4
20200209,300,4.1
20200209,400,4.9
20200209,500,1.9
20200209,600,0
20200209,700,0
20200209,800,0
20200209,900,0
20200209,1000,0
20200209,1100,0
20200209,1200,0
20200209,1300,0
20200209,1400,0
20200209,1500,0
20200209,1600,0
20200209,1700,0
20200209,1800,0
20200209,1900,0
20200209,2000,0
20200209,2100,0
20200209,2200,0
20200209,2300,0
20200210,0,1.1
20200210,100,0.3
20200210,200,0.6
20200210,300,0.7
20200210,400,0.4
20200210,500,0.5
20200210,600,1.1
20200210,700,0.7
20200210,800,1.1
20200210,900,1.2
20200210,1000,1.5
20200210,1100,2.8
20200210,1200,3.3
20200210,1300,3.3
20200210,1400,3.1
20200210,1500,2
20200210,1600,1.6
20200210,1700,2.1
20200210,1800,1.1
20200210,1900,1.3
20200210,2000,3.2
20200210,2100,4.6
20200210,2200,4.9
20200210,2300,4.9
20200211,0,6.2
20200211,100,4.7
20200211,200,5.6
20200211,300,5.4
20200211,400,2.7
20200211,500,2.7
20200211,600,1
20200211,700,0
20200211,800,0
20200211,900,0
20200211,1000,0
20200211,1100,0
20200211,1200,0
20200211,1300,0
20200211,1400,0
20200211,1500,0
20200211,1600,0
20200211,1700,0
20200211,1800,0
20200211,1900,0
20200211,2000,0
20200211,2100,0.2
20200211,2200,0
20200211,2300,0
20200212,0,0
20200212,100,0
20200212,200,0
20200212,300,0
20200212,400,0
20200212,500,0
20200212,600,0
20200212,700,0
20200212,800,0
20200212,900,0
20200212,1000,0
20200212,1100,1.1
20200212,1200,0.3
20200212,1300,0.6
20200212,1400,0.9
20200212,1500,1.7
20200212,1600,0.5
20200212,1700,0.5
20200212,1800,0.3
20200212,1900,0.8
20200212,2000,0.7
20200212,2100,1.4
20200212,2200,2.9
20200212,2300,4.4
20200213,0,4.7
20200213,100,3.4
20200213,200,2.9
20200213,300,1.2
20200213,400,1.6
20200213,500,0.3
20200213,600,0
20200213,700,0
20200213,800,0
20200213,900,0
20200213,1000,0
20200213,1100,0
20200213,1200,0
20200213,1300,1
20200213,1400,0.8
20200213,1500,0
20200213,1600,0
20200213,1700,0
20200213,1800,0
20200213,1900,0
20200213,2000,0
20200213,2100,0
20200213,2200,0
20200213,2300,0.7
20200214,0,0.2
20200214,100,0
20200214,200,0
20200214,300,0
20200214,400,0
20200214,500,0
20200214,600,0
20200214,700,0
20200214,800,0.9
20200214,900,0
20200214,1000,0.2
20200214,1100,1
20200214,1200,0
20200214,1300,0
20200214,1400,0.4
20200214,1500,0
20200214,1600,0.4
20200214,1700,0
20200214,1800,0
20200214,1900,0.5
20200214,2000,0.5
20200214,2100,0
20200214,2200,0.4
20200214,2300,0
20200215,0,0
20200215,100,0
20200215,200,0
20200215,300,0
20200215,400,0
20200215,500,0
20200215,600,0
20200215,700,0
20200215,800,0
20200215,900,0
20200215,1000,0
20200215,1100,0.5
20200215,1200,0.3
20200215,1300,0.2
20200215,1400,0.6
20200215,1500,0.9
20200215,1600,0.8
20200215,1700,1
20200215,1800,0.9
20200215,1900,0.8
20200215,2000,1.3
20200215,2100,1.3
20200215,2200,0.2
20200215,2300,1
20200216,0,0.2
20200216,100,0.2
20200216,200,0.2
20200216,300,0
20200216,400,0
20200216,500,0
20200216,600,0.5
20200216,700,1
20200216,800,0.3
20200216,900,1.3
20200216,1000,0
20200216,1100,0.2
20200216,1200,0.8
20200216,1300,0
20200216,1400,1
20200216,1500,1.3
20200216,1600,0.2
20200216,1700,0.4
20200216,1800,1.8
20200216,1900,0.2
20200216,2000,0.4
20200216,2100,0
20200216,2200,0
20200216,2300,0
20200217,0,0.3
20200217,100,0.6
20200217,200,0
20200217,300,1.4
20200217,400,0.6
20200217,500,0.7
20200217,600,0.3
20200217,700,0.4
20200217,800,0
20200217,900,0.3
20200217,1000,0
20200217,1100,0
20200217,1200,0
20200217,1300,0
20200217,1400,0
20200217,1500,0
20200217,1600,0
20200217,1700,0
20200217,1800,0
20200217,1900,0
20200217,2000,0
20200217,2100,0
20200217,2200,0
20200217,2300,0
20200218,0,0.3
20200218,100,0.4
20200218,200,0.3
20200218,300,0.4
20200218,400,0.6
20200218,500,0
20200218,600,0
20200218,700,0
20200218,800,0
20200218,900,0
20200218,1000,0
20200218,1100,0
20200218,1200,0.7
20200218,1300,0
20200218,1400,0
20200218,1500,0.3
20200218,1600,0
20200218,1700,0
20200218,1800,0
20200218,1900,0
20200218,2000,0
20200218,2100,0
20200218,2200,0
20200218,2300,0
20200219,0,0
20200219,100,0
20200219,200,0
20200219,300,0
20200219,400,0
20200219,500,0
20200219,600,0
20200219,700,0
20200219,800,0
20200219,900,0
20200219,1000,0
20200219,1100,0.5
20200219,1200,0.3
20200219,1300,0.2
20200219,1400,1
20200219,1500,4.1
20200219,1600,2.9
20200219,1700,1.2
20200219,1800,0
20200219,1900,0
20200219,2000,0
20200219,2100,0
20200219,2200,0
20200219,2300,0.5
20200220,0,0.4
20200220,100,0.6
20200220,200,0.9
20200220,300,0
20200220,400,0.2
20200220,500,0.8
20200220,600,0
20200220,700,0.5
20200220,800,0.2
20200220,900,0
20200220,1000,0.8
20200220,1100,2.4
20200220,1200,0
20200220,1300,0
20200220,1400,0.3
20200220,1500,0
20200220,1600,0.8
20200220,1700,2.1
20200220,1800,1.7
20200220,1900,1.7
20200220,2000,3.6
20200220,2100,4.3
20200220,2200,3.3
20200220,2300,5
20200221,0,5.8
20200221,100,3.7
20200221,200,3.2
20200221,300,1.8
20200221,400,1.1
20200221,500,0
20200221,600,0
20200221,700,1.2
20200221,800,0.3
20200221,900,0.2
20200221,1000,0.2
20200221,1100,0
20200221,1200,0.2
20200221,1300,0.8
20200221,1400,1.1
20200221,1500,1.5
20200221,1600,0.4
20200221,1700,0.3
20200221,1800,0.6
20200221,1900,3
20200221,2000,0
20200221,2100,0.2
20200221,2200,1
20200221,2300,0
20200222,0,0.8
20200222,100,0.2
20200222,200,0
20200222,300,0
20200222,400,0
20200222,500,0
20200222,600,0
20200222,700,0
20200222,800,1.6
20200222,900,0.7
20200222,1000,3.5
20200222,1100,4.6
20200222,1200,1.1
20200222,1300,0
20200222,1400,0.4
20200222,1500,1
20200222,1600,0
20200222,1700,0.3
20200222,1800,0
20200222,1900,0
20200222,2000,0.3
20200222,2100,0
20200222,2200,0
20200222,2300,0
20200223,0,0
20200223,100,0
20200223,200,0
20200223,300,0
20200223,400,0
20200223,500,0
20200223,600,0
20200223,700,0
20200223,800,0.3
20200223,900,0
20200223,1000,0
20200223,1100,0
20200223,1200,0.7
20200223,1300,1.8
20200223,1400,2.8
20200223,1500,2.2
20200223,1600,2.4
20200223,1700,1.7
20200223,1800,1.4
20200223,1900,1.5
20200223,2000,1.4
20200223,2100,1.8
20200223,2200,1.3
20200223,2300,0.3
20200224,0,0.3
20200224,100,0.2
20200224,200,1.9
20200224,300,0
20200224,400,0
20200224,500,0
20200224,600,0
20200224,700,0
20200224,800,0
20200224,900,1.8
20200224,1000,0
20200224,1100,0.5
20200224,1200,0.4
20200224,1300,1
20200224,1400,0
20200224,1500,0
20200224,1600,0.3
20200224,1700,0
20200224,1800,0
20200224,1900,0
20200224,2000,0
20200224,2100,0
20200224,2200,0
20200224,2300,0
20200225,0,0
20200225,100,0
20200225,200,0
20200225,300,0
20200225,400,0
20200225,500,0.3
20200225,600,0.3
20200225,700,0.2
20200225,800,0.3
20200225,900,0.3
20200225,1000,0.2
20200225,1100,0.2
20200225,1200,0
20200225,1300,0
20200225,1400,0
20200225,1500,3.3
20200225,1600,3.2
20200225,1700,4.1
20200225,1800,4.1
20200225,1900,2.5
20200225,2000,0
20200225,2100,0
20200225,2200,0
20200225,2300,0
20200226,0,0
20200226,100,0
20200226,200,0
20200226,300,0
20200226,400,0
20200226,500,0
20200226,600,0.3
20200226,700,0.4
20200226,800,0
20200226,900,0.9
20200226,1000,0.6
20200226,1100,1.1
20200226,1200,1.8
20200226,1300,1.6
20200226,1400,0
20200226,1500,4.2
20200226,1600,0.8
20200226,1700,0.4
20200226,1800,0.9
20200226,1900,0.9
20200226,2000,0.6
20200226,2100,1.8
20200226,2200,0.7
20200226,2300,0
20200227,0,0.4
20200227,100,0
20200227,200,0
20200227,300,0.7
20200227,400,0
20200227,500,0.3
20200227,600,0.6
20200227,700,0.3
20200227,800,1.2
20200227,900,0.3
20200227,1000,0
20200227,1100,0
20200227,1200,0.7
20200227,1300,0.6
20200227,1400,2.2
20200227,1500,1.8
20200227,1600,0.2
20200227,1700,1.9
20200227,1800,0.2
20200227,1900,0.9
20200227,2000,2.4
20200227,2100,1.3
20200227,2200,2
20200227,2300,3.1
20200228,0,0.8
20200228,100,0.4
20200228,200,0.5
20200228,300,3
20200228,400,1.9
20200228,500,0.2
20200228,600,0.9
20200228,700,1.1
20200228,800,1.3
20200228,900,3.2
20200228,1000,1.3
20200228,1100,0.3
20200228,1200,0.8
20200228,1300,1.2
20200228,1400,1.7
20200228,1500,1.8
20200228,1600,1.1
20200228,1700,1.2
20200228,1800,1.5
20200228,1900,0.6
20200228,2000,0
20200228,2100,1.1
20200228,2200,1.6
20200228,2300,0
20200229,0,0.9
20200229,100,0
20200229,200,0.5
20200229,300,0.4
20200229,400,0.3
20200229,500,0
20200229,600,0.6
20200229,700,0.2
20200229,800,0
20200229,900,0
20200229,1000,0.3
20200229,1100,0.5
20200229,1200,0
20200229,1300,0.5
20200229,1400,0
20200229,1500,0
20200229,1600,0
20200229,1700,0.2
20200229,1800,0.5
20200229,1900,0.6
20200229,2000,0
20200229,2100,0
20200229,2200,0
20200229,2300,0.6
20200301,0,0
20200301,100,0.9
20200301,200,0.2
20200301,300,0
20200301,400,0
20200301,500,0
20200301,600,0
20200301,700,0.4
20200301,800,0.7
20200301,900,2
20200301,1000,2.3
20200301,1100,0.9
20200301,1200,0.5
20200301,1300,0.6
20200301,1400,0.8
20200301,1500,3.3
20200301,1600,4.3
20200301,1700,3.9
20200301,1800,4.6
20200301,1900,6.3
20200301,2000,3
20200301,2100,1.2
20200301,2200,1.2
20200301,2300,0
20200302,0,0.2
20200302,100,0.8
20200302,200,0.7
20200302,300,0.8
20200302,400,0.6
20200302,500,0
20200302,600,0
20200302,700,0
20200302,800,0
20200302,900,0
20200302,1000,0
20200302,1100,0.3
20200302,1200,0.3
20200302,1300,0
20200302,1400,0
20200302,1500,0
20200302,1600,0
20200302,1700,0
20200302,1800,2.5
20200302,1900,0.8
20200302,2000,1.7
20200302,2100,1.7
20200302,2200,0.7
20200302,2300,0.6
20200303,0,1.1
20200303,100,2.4
20200303,200,0
20200303,300,0
20200303,400,0
20200303,500,0
20200303,600,0.8
20200303,700,0
20200303,800,1.7
20200303,900,0.6
20200303,1000,0
20200303,1100,1.2
20200303,1200,0.5
20200303,1300,0
20200303,1400,0.2
20200303,1500,0.9
20200303,1600,2.9
20200303,1700,1.4
20200303,1800,1
20200303,1900,0.4
20200303,2000,1.8
20200303,2100,3
20200303,2200,0.5
20200303,2300,0.2
20200304,0,1.4
20200304,100,0.3
20200304,200,0.3
20200304,300,0.3
20200304,400,0.2
20200304,500,0
20200304,600,0
20200304,700,0
20200304,800,0
20200304,900,0.6
20200304,1000,0.3
20200304,1100,0
20200304,1200,0.2
20200304,1300,0.4
20200304,1400,2.5
20200304,1500,0
20200304,1600,1.7
20200304,1700,0.5
20200304,1800,1
20200304,1900,0.2
20200304,2000,0.2
20200304,2100,0
20200304,2200,0
20200304,2300,0
20200305,0,0
20200305,100,0
20200305,200,0
20200305,300,0
20200305,400,0
20200305,500,0
20200305,600,0
20200305,700,0
20200305,800,0
20200305,900,0.3
20200305,1000,0
20200305,1100,0.2
20200305,1200,0.3
20200305,1300,0
20200305,1400,0
20200305,1500,0.4
20200305,1600,0
20200305,1700,0
20200305,1800,0
20200305,1900,0
20200305,2000,0
20200305,2100,0
20200305,2200,0
20200305,2300,0
20200306,0,0
20200306,100,0
20200306,200,0
20200306,300,0
20200306,400,0
20200306,500,0
20200306,600,0
20200306,700,0.3
20200306,800,0.2
20200306,900,0.3
20200306,1000,0
20200306,1100,0.2
20200306,1200,0
20200306,1300,0
20200306,1400,0
20200306,1500,0
20200306,1600,0
20200306,1700,0
20200306,1800,0
20200306,1900,0
20200306,2000,0
20200306,2100,0
20200306,2200,0
20200306,2300,0
20200307,0,0
20200307,100,0
20200307,200,0
20200307,300,0
20200307,400,0
20200307,500,0
20200307,600,0
20200307,700,0
20200307,800,0
20200307,900,0
20200307,1000,0
20200307,1100,0
20200307,1200,0
20200307,1300,0
20200307,1400,0
20200307,1500,0
20200307,1600,0
20200307,1700,0
20200307,1800,0
20200307,1900,0
20200307,2000,0
20200307,2100,0
20200307,2200,0
20200307,2300,0
20200308,0,0
20200308,100,0
20200308,200,0
20200308,300,0
20200308,400,0
20200308,500,0
20200308,600,0
20200308,700,0
20200308,800,0
20200308,900,0
20200308,1000,0.3
20200308,1100,0
20200308,1200,0
20200308,1300,0
20200308,1400,0
20200308,1500,0
20200308,1600,0
20200308,1700,2.2
20200308,1800,1.3
20200308,1900,0
20200308,2000,0
20200308,2100,3.3
20200308,2200,1.5
20200308,2300,1
20200309,0,1.5
20200309,100,1.5
20200309,200,0.7
20200309,300,0.9
20200309,400,1.3
20200309,500,2.2
20200309,600,1.7
20200309,700,2.2
20200309,800,2.5
20200309,900,1.6
20200309,1000,2.9
20200309,1100,1.9
20200309,1200,1.4
20200309,1300,1
20200309,1400,0.3
20200309,1500,0.5
20200309,1600,0.9
20200309,1700,0.7
20200309,1800,0
20200309,1900,0
20200309,2000,0.4
20200309,2100,0
20200309,2200,0
20200309,2300,0.8
20200310,0,0.5
20200310,100,0
20200310,200,0.2
20200310,300,0
20200310,400,0
20200310,500,0.8
20200310,600,0.3
20200310,700,0.5
20200310,800,1.9
20200310,900,1.8
20200310,1000,2.8
20200310,1100,1.3
20200310,1200,1.7
20200310,1300,1.2
20200310,1400,2.1
20200310,1500,0.6
20200310,1600,0
20200310,1700,0.2
20200310,1800,2
20200310,1900,1.5
20200310,2000,0.8
20200310,2100,0.2
20200310,2200,0.6
20200310,2300,0
20200311,0,0.3
20200311,100,0.5
20200311,200,0
20200311,300,0
20200311,400,0
20200311,500,0
20200311,600,0
20200311,700,2.8
20200311,800,0.5
20200311,900,0
20200311,1000,1.4
20200311,1100,0
20200311,1200,0
20200311,1300,0
20200311,1400,0
20200311,1500,0.3
20200311,1600,0
20200311,1700,0.2
20200311,1800,0.9
20200311,1900,1.4
20200311,2000,2
20200311,2100,1.5
20200311,2200,0
20200311,2300,0
20200312,0,0
20200312,100,0
20200312,200,0
20200312,300,0
20200312,400,0
20200312,500,0
20200312,600,0
20200312,700,0
20200312,800,0
20200312,900,0
20200312,1000,0
20200312,1100,0
20200312,1200,0
20200312,1300,0
20200312,1400,0
20200312,1500,0
20200312,1600,0
20200312,1700,0
20200312,1800,0
20200312,1900,0
20200312,2000,0
20200312,2100,0
20200312,2200,0
20200312,2300,0
20200313,0,0
20200313,100,0
20200313,200,0
20200313,300,0
20200313,400,0
20200313,500,0
20200313,600,0
20200313,700,0
20200313,800,0
20200313,900,0
20200313,1000,0
20200313,1100,0
20200313,1200,0
20200313,1300,0
20200313,1400,0
20200313,1500,0
20200313,1600,0
20200313,1700,0
20200313,1800,0
20200313,1900,0
20200313,2000,0
20200313,2100,0
20200313,2200,0
20200313,2300,0
20200314,0,0
20200314,100,0
20200314,200,0
20200314,300,0
20200314,400,0
20200314,500,0
20200314,600,0
20200314,700,0
20200314,800,0
20200314,900,0
20200314,1000,0
20200314,1100,0
20200314,1200,0
20200314,1300,0
20200314,1400,0
20200314,1500,0
20200314,1600,0
20200314,1700,0
20200314,1800,0
20200314,1900,0
20200314,2000,0
20200314,2100,0
20200314,2200,0
20200314,2300,0
20200315,0,0
20200315,100,0
20200315,200,0
20200315,300,0
20200315,400,0
20200315,500,0
20200315,600,0
20200315,700,0
20200315,800,0
20200315,900,0
20200315,1000,0
20200315,1100,0
20200315,1200,0
20200315,1300,0
20200315,1400,0
20200315,1500,0
20200315,1600,0
20200315,1700,0
20200315,1800,0
20200315,1900,0
20200315,2000,0
20200315,2100,0
20200315,2200,0
20200315,2300,0
20200316,0,0
20200316,100,0
20200316,200,0
20200316,300,0
20200316,400,0
20200316,500,0
20200316,600,0
20200316,700,0
20200316,800,0
20200316,900,0
20200316,1000,0
20200316,1100,0
20200316,1200,0
20200316,1300,0
20200316,1400,0
20200316,1500,0
20200316,1600,0
20200316,1700,0
20200316,1800,0.3
20200316,1900,0
20200316,2000,0
20200316,2100,0
20200316,2200,0
20200316,2300,0
20200317,0,0
20200317,100,0
20200317,200,0
20200317,300,0
20200317,400,0
20200317,500,0
20200317,600,0
20200317,700,0
20200317,800,0
20200317,900,0
20200317,1000,0
20200317,1100,0
20200317,1200,0
20200317,1300,0
20200317,1400,0
20200317,1500,0
20200317,1600,0
20200317,1700,0
20200317,1800,0
20200317,1900,0
20200317,2000,0
20200317,2100,0
20200317,2200,0
20200317,2300,0
20200318,0,0
20200318,100,0
20200318,200,0
20200318,300,0
20200318,400,0
20200318,500,0
20200318,600,0
20200318,700,0
20200318,800,0
20200318,900,0
20200318,1000,0
20200318,1100,0
20200318,1200,0
20200318,1300,0
20200318,1400,0.3
20200318,1500,0.3
20200318,1600,0.2
20200318,1700,0.3
20200318,1800,0.5
20200318,1900,0.6
20200318,2000,0.3
20200318,2100,0.3
20200318,2200,0
20200318,2300,0
20200319,0,0
20200319,100,0
20200319,200,0.4
20200319,300,0
20200319,400,0
20200319,500,0
20200319,600,0
20200319,700,0
20200319,800,0
20200319,900,0
20200319,1000,0
20200319,1100,0
20200319,1200,0
20200319,1300,0
20200319,1400,0
20200319,1500,0
20200319,1600,0
20200319,1700,0
20200319,1800,0
20200319,1900,0
20200319,2000,0
20200319,2100,0
20200319,2200,0
20200319,2300,0
20200320,0,0
20200320,100,0
20200320,200,0
20200320,300,0
20200320,400,0
20200320,500,0
20200320,600,0
20200320,700,0
20200320,800,0
20200320,900,0
20200320,1000,0
20200320,1100,0
20200320,1200,0
20200320,1300,0
20200320,1400,0
20200320,1500,0
20200320,1600,0
20200320,1700,0
20200320,1800,0
20200320,1900,0
20200320,2000,0
20200320,2100,0
20200320,2200,0.2
20200320,2300,0
20200321,0,0
20200321,100,0
20200321,200,0
20200321,300,0
20200321,400,0
20200321,500,0
20200321,600,0
20200321,700,0
20200321,800,0
20200321,900,0
20200321,1000,0
20200321,1100,0
20200321,1200,0
20200321,1300,0
20200321,1400,0
20200321,1500,0
20200321,1600,0
20200321,1700,0
20200321,1800,0
20200321,1900,0
20200321,2000,0
20200321,2100,0
20200321,2200,0
20200321,2300,0
20200322,0,0
20200322,100,0
20200322,200,0
20200322,300,0.3
20200322,400,0.4
20200322,500,0.7
20200322,600,1.5
20200322,700,1.1
20200322,800,0.5
20200322,900,0.5
20200322,1000,0.9
20200322,1100,1.5
20200322,1200,1.7
20200322,1300,0
20200322,1400,0.2
20200322,1500,0
20200322,1600,0
20200322,1700,0
20200322,1800,0
20200322,1900,0
20200322,2000,0
20200322,2100,0
20200322,2200,0
20200322,2300,0
20200323,0,0
20200323,100,0
20200323,200,0
20200323,300,0
20200323,400,0
20200323,500,0
20200323,600,0
20200323,700,0
20200323,800,0
20200323,900,0
20200323,1000,0
20200323,1100,0
20200323,1200,0
20200323,1300,0
20200323,1400,0
20200323,1500,0
20200323,1600,0
20200323,1700,0
20200323,1800,0
20200323,1900,0
20200323,2000,0
20200323,2100,0
20200323,2200,0
20200323,2300,0
20200324,0,0
20200324,100,0
20200324,200,0
20200324,300,0
20200324,400,0
20200324,500,0
20200324,600,0
20200324,700,0
20200324,800,0
20200324,900,0
20200324,1000,0
20200324,1100,0
20200324,1200,0
20200324,1300,0
20200324,1400,0
20200324,1500,0
20200324,1600,0
20200324,1700,0
20200324,1800,0
20200324,1900,0
20200324,2000,0
20200324,2100,0
20200324,2200,0
20200324,2300,0
20200325,0,0
20200325,100,0
20200325,200,0
20200325,300,0
20200325,400,0
20200325,500,0
20200325,600,0
20200325,700,0
20200325,800,0
20200325,900,0
20200325,1000,0
20200325,1100,0
20200325,1200,0
20200325,1300,0
20200325,1400,0
20200325,1500,0
20200325,1600,0
20200325,1700,0
20200325,1800,0
20200325,1900,0.2
20200325,2000,0.8
20200325,2100,0
20200325,2200,0.2
20200325,2300,0.3
20200326,0,0.4
20200326,100,1
20200326,200,1.3
20200326,300,2
20200326,400,2.7
20200326,500,1.4
20200326,600,0.9
20200326,700,0.4
20200326,800,0.4
20200326,900,0.8
20200326,1000,1.4
20200326,1100,1.4
20200326,1200,0.7
20200326,1300,0.8
20200326,1400,0.2
20200326,1500,0
20200326,1600,0
20200326,1700,0
20200326,1800,0
20200326,1900,0
20200326,2000,0
20200326,2100,0
20200326,2200,0.5
20200326,2300,0
20200327,0,0
20200327,100,0.3
20200327,200,0.2
20200327,300,0
20200327,400,1.1
20200327,500,0.4
20200327,600,0
20200327,700,0
20200327,800,0.2
20200327,900,0.2
20200327,1000,0
20200327,1100,0
20200327,1200,1.2
20200327,1300,0.7
20200327,1400,0.4
20200327,1500,0.2
20200327,1600,0
20200327,1700,0
20200327,1800,0.4
20200327,1900,0
20200327,2000,0
20200327,2100,1
20200327,2200,0.2
20200327,2300,0
20200328,0,0.3
20200328,100,0
20200328,200,0.6
20200328,300,0.9
20200328,400,0.6
20200328,500,0.6
20200328,600,1
20200328,700,0.6
20200328,800,0.9
20200328,900,0.6
20200328,1000,0.2
20200328,1100,0.3
20200328,1200,0.4
20200328,1300,0
20200328,1400,0
20200328,1500,0.3
20200328,1600,0
20200328,1700,0
20200328,1800,0
20200328,1900,0
20200328,2000,0
20200328,2100,0
20200328,2200,0.3
20200328,2300,0
20200329,0,0
20200329,100,0
20200329,200,0
20200329,300,0
20200329,400,0
20200329,500,0
20200329,600,0
20200329,700,0
20200329,800,0
20200329,900,0
20200329,1000,0
20200329,1100,0
20200329,1200,0
20200329,1300,0
20200329,1400,0
20200329,1500,0
20200329,1600,0
20200329,1700,0
20200329,1800,0
20200329,1900,0
20200329,2000,0
20200329,2100,0
20200329,2200,0
20200329,2300,0
20200330,0,0
20200330,100,0
20200330,200,0
20200330,300,0
20200330,400,0
20200330,500,0
20200330,600,0
20200330,700,0
20200330,800,0
20200330,900,0
20200330,1000,0
20200330,1100,0
20200330,1200,0
20200330,1300,0
20200330,1400,0
20200330,1500,0
20200330,1600,0
20200330,1700,0
20200330,1800,0
20200330,1900,0
20200330,2000,0
20200330,2100,0
20200330,2200,0
20200330,2300,0
20200331,0,0
20200331,100,0
20200331,200,0
20200331,300,0
20200331,400,0
20200331,500,0
20200331,600,0
20200331,700,0
20200331,800,0
20200331,900,0
20200331,1000,0
20200331,1100,0
20200331,1200,0
20200331,1300,0
20200331,1400,0
20200331,1500,0
20200331,1600,0
20200331,1700,0
20200331,1800,0
20200331,1900,0
20200331,2000,0
20200331,2100,0
20200331,2200,0
20200331,2300,0
20200401,0,0
20200401,100,0
20200401,200,0
20200401,300,0
20200401,400,0
20200401,500,0
20200401,600,0
20200401,700,0
20200401,800,0
20200401,900,0
20200401,1000,0
20200401,1100,0
20200401,1200,0
20200401,1300,0
20200401,1400,0
20200401,1500,0
20200401,1600,0
20200401,1700,0
20200401,1800,0
20200401,1900,0
20200401,2000,0
20200401,2100,0
20200401,2200,0
20200401,2300,0
20200402,0,0
20200402,100,0
20200402,200,0
20200402,300,0
20200402,400,0
20200402,500,0
20200402,600,0
20200402,700,0
20200402,800,0
20200402,900,0
20200402,1000,0
20200402,1100,0
20200402,1200,0
20200402,1300,0
20200402,1400,0
20200402,1500,0
20200402,1600,0
20200402,1700,0
20200402,1800,0
20200402,1900,0
20200402,2000,0
20200402,2100,0
20200402,2200,0
20200402,2300,0
20200403,0,0
20200403,100,0
20200403,200,0
20200403,300,0
20200403,400,0
20200403,500,0
20200403,600,0
20200403,700,0
20200403,800,0
20200403,900,0
20200403,1000,0
20200403,1100,0
20200403,1200,0
20200403,1300,0
20200403,1400,0
20200403,1500,0
20200403,1600,0
20200403,1700,0
20200403,1800,0
20200403,1900,0
20200403,2000,0.4
20200403,2100,0.2
20200403,2200,0.6
20200403,2300,0.7
20200404,0,0
20200404,100,0
20200404,200,0.4
20200404,300,0
20200404,400,0
20200404,500,0
20200404,600,0
20200404,700,0
20200404,800,0
20200404,900,0
20200404,1000,0
20200404,1100,0
20200404,1200,0
20200404,1300,0
20200404,1400,0
20200404,1500,0
20200404,1600,0
20200404,1700,0
20200404,1800,0
20200404,1900,0
20200404,2000,0
20200404,2100,0
20200404,2200,0
20200404,2300,0
20200405,0,0
20200405,100,0
20200405,200,0
20200405,300,0
20200405,400,0
20200405,500,0
20200405,600,0
20200405,700,0
20200405,800,0
20200405,900,0
20200405,1000,0
20200405,1100,0
20200405,1200,0
20200405,1300,0
20200405,1400,0
20200405,1500,0
20200405,1600,0
20200405,1700,0
20200405,1800,0
20200405,1900,0
20200405,2000,0
20200405,2100,0
20200405,2200,0
20200405,2300,0
20200406,0,0
20200406,100,0
20200406,200,0.3
20200406,300,0
20200406,400,0
20200406,500,0.5
20200406,600,0
20200406,700,0.3
20200406,800,0.5
20200406,900,0.7
20200406,1000,0
20200406,1100,1
20200406,1200,0.5
20200406,1300,0
20200406,1400,0
20200406,1500,0
20200406,1600,0
20200406,1700,0
20200406,1800,0
20200406,1900,0
20200406,2000,0
20200406,2100,0
20200406,2200,0.3
20200406,2300,0.8
20200407,0,0.9
20200407,100,0.8
20200407,200,0
20200407,300,0
20200407,400,0.3
20200407,500,0
20200407,600,1
20200407,700,0.6
20200407,800,0
20200407,900,0
20200407,1000,0
20200407,1100,0
20200407,1200,0.3
20200407,1300,0
20200407,1400,0
20200407,1500,0
20200407,1600,0
20200407,1700,0
20200407,1800,0
20200407,1900,0
20200407,2000,0
20200407,2100,0
20200407,2200,0
20200407,2300,0
20200408,0,0
20200408,100,0
20200408,200,0
20200408,300,0
20200408,400,0
20200408,500,0
20200408,600,0
20200408,700,0
20200408,800,0
20200408,900,0
20200408,1000,0.2
20200408,1100,0.4
20200408,1200,0.6
20200408,1300,0.6
20200408,1400,1.7
20200408,1500,3
20200408,1600,3.2
20200408,1700,4
20200408,1800,4.5
20200408,1900,2.5
20200408,2000,2.7
20200408,2100,2.3
20200408,2200,0.8
20200408,2300,0
20200409,0,0
20200409,100,0
20200409,200,0
20200409,300,0
20200409,400,0
20200409,500,0.3
20200409,600,0
20200409,700,0.2
20200409,800,0
20200409,900,0
20200409,1000,0.4
20200409,1100,0
20200409,1200,0
20200409,1300,0
20200409,1400,0
20200409,1500,0
20200409,1600,0
20200409,1700,0
20200409,1800,0
20200409,1900,0
20200409,2000,0
20200409,2100,0
20200409,2200,0
20200409,2300,0
20200410,0,0
20200410,100,0
20200410,200,0
20200410,300,0
20200410,400,0
20200410,500,0
20200410,600,0
20200410,700,0
20200410,800,0
20200410,900,0
20200410,1000,0
20200410,1100,0
20200410,1200,0
20200410,1300,0
20200410,1400,0
20200410,1500,0
20200410,1600,0
20200410,1700,0
20200410,1800,0
20200410,1900,0
20200410,2000,0
20200410,2100,0
20200410,2200,0
20200410,2300,0
20200411,0,0
20200411,100,0
20200411,200,0
20200411,300,0
20200411,400,0
20200411,500,0
20200411,600,0
20200411,700,0
20200411,800,0
20200411,900,0
20200411,1000,0
20200411,1100,0
20200411,1200,0
20200411,1300,0
20200411,1400,0
20200411,1500,0
20200411,1600,0
20200411,1700,0
20200411,1800,0
20200411,1900,0
20200411,2000,0
20200411,2100,0
20200411,2200,0
20200411,2300,0
20200412,0,0
20200412,100,0
20200412,200,0
20200412,300,0
20200412,400,0
20200412,500,0
20200412,600,0
20200412,700,0
20200412,800,0
20200412,900,0
20200412,1000,0
20200412,1100,0
20200412,1200,0
20200412,1300,0
20200412,1400,0
20200412,1500,0
20200412,1600,0
20200412,1700,0
20200412,1800,0
20200412,1900,0
20200412,2000,0
20200412,2100,0
20200412,2200,0
20200412,2300,0
20200413,0,0
20200413,100,0
20200413,200,0
20200413,300,0
20200413,400,0
20200413,500,0
20200413,600,0
20200413,700,0
20200413,800,0
20200413,900,0
20200413,1000,0
20200413,1100,0
20200413,1200,0
20200413,1300,0.3
20200413,1400,0
20200413,1500,0
20200413,1600,0.8
20200413,1700,1.1
20200413,1800,1.1
20200413,1900,1.1
20200413,2000,1.4
20200413,2100,1.1
20200413,2200,1.9
20200413,2300,1.8
20200414,0,1.2
20200414,100,0.8
20200414,200,0.8
20200414,300,1.5
20200414,400,2.3
20200414,500,0.4
20200414,600,0.4
20200414,700,0.2
20200414,800,1.4
20200414,900,2.3
20200414,1000,2.3
20200414,1100,0.8
20200414,1200,1
20200414,1300,0.5
20200414,1400,0.2
20200414,1500,0.3
20200414,1600,0
20200414,1700,0
20200414,1800,0
20200414,1900,0
20200414,2000,0
20200414,2100,0
20200414,2200,0
20200414,2300,0
20200415,0,0
20200415,100,0
20200415,200,0
20200415,300,0
20200415,400,0
20200415,500,0
20200415,600,0
20200415,700,0
20200415,800,0
20200415,900,0
20200415,1000,0
20200415,1100,0
20200415,1200,0
20200415,1300,0
20200415,1400,0
20200415,1500,0
20200415,1600,0
20200415,1700,0
20200415,1800,0
20200415,1900,0
20200415,2000,0
20200415,2100,0.2
20200415,2200,0.6
20200415,2300,0.2
20200416,0,0
20200416,100,0
20200416,200,0
20200416,300,0
20200416,400,0
20200416,500,0
20200416,600,0
20200416,700,0
20200416,800,0
20200416,900,0
20200416,1000,0
20200416,1100,0
20200416,1200,0
20200416,1300,0
20200416,1400,0
20200416,1500,0.2
20200416,1600,0.2
20200416,1700,0.2
20200416,1800,0.5
20200416,1900,0
20200416,2000,0.2
20200416,2100,0
20200416,2200,0
20200416,2300,0
20200417,0,0.5
20200417,100,0.7
20200417,200,0
20200417,300,0.9
20200417,400,0.5
20200417,500,0.2
20200417,600,1
20200417,700,0.6
20200417,800,0
20200417,900,0
20200417,1000,0.3
20200417,1100,0
20200417,1200,0
20200417,1300,0.2
20200417,1400,0
20200417,1500,0
20200417,1600,0
20200417,1700,0
20200417,1800,0
20200417,1900,0
20200417,2000,0
20200417,2100,0
20200417,2200,0
20200417,2300,0
20200418,0,0
20200418,100,0
20200418,200,0
20200418,300,0
20200418,400,0
20200418,500,0
20200418,600,0
20200418,700,0
20200418,800,0
20200418,900,0
20200418,1000,0
20200418,1100,0
20200418,1200,0
20200418,1300,0
20200418,1400,0
20200418,1500,0
20200418,1600,0
20200418,1700,0
20200418,1800,0
20200418,1900,0
20200418,2000,0
20200418,2100,0
20200418,2200,0
20200418,2300,0
20200419,0,0
20200419,100,0
20200419,200,0
20200419,300,0
20200419,400,0
20200419,500,0
20200419,600,0
20200419,700,0
20200419,800,0
20200419,900,0
20200419,1000,0
20200419,1100,0
20200419,1200,0
20200419,1300,0
20200419,1400,0
20200419,1500,0
20200419,1600,0
20200419,1700,0
20200419,1800,0
20200419,1900,0
20200419,2000,0
20200419,2100,0
20200419,2200,0
20200419,2300,0
20200420,0,0
20200420,100,0
20200420,200,0
20200420,300,0
20200420,400,0
20200420,500,0
20200420,600,0
20200420,700,0
20200420,800,0
20200420,900,0
20200420,1000,0
20200420,1100,0
20200420,1200,0
20200420,1300,0
20200420,1400,0
20200420,1500,0
20200420,1600,0
20200420,1700,0
20200420,1800,0
20200420,1900,0
20200420,2000,0
20200420,2100,0
20200420,2200,0
20200420,2300,0.2
20200421,0,0
20200421,100,0
20200421,200,0
20200421,300,0
20200421,400,0
20200421,500,0
20200421,600,0
20200421,700,0
20200421,800,0
20200421,900,0.3
20200421,1000,0.4
20200421,1100,0.7
20200421,1200,0.5
20200421,1300,0.4
20200421,1400,0.6
20200421,1500,0.2
20200421,1600,0.7
20200421,1700,0.5
20200421,1800,0.4
20200421,1900,0.2
20200421,2000,0
20200421,2100,0.6
20200421,2200,0.7
20200421,2300,0.7
20200422,0,0
20200422,100,1.5
20200422,200,1.2
20200422,300,0
20200422,400,0.2
20200422,500,0
20200422,600,0
20200422,700,0.4
20200422,800,0
20200422,900,0
20200422,1000,0.2
20200422,1100,0.4
20200422,1200,0
20200422,1300,2.1
20200422,1400,2.6
20200422,1500,3.2
20200422,1600,5.1
20200422,1700,4.9
20200422,1800,3.9
20200422,1900,4.1
20200422,2000,2.1
20200422,2100,2
20200422,2200,3.8
20200422,2300,4.2
20200423,0,3.9
20200423,100,2.7
20200423,200,3.4
20200423,300,3.6
20200423,400,1.7
20200423,500,1.9
20200423,600,2.1
20200423,700,1.3
20200423,800,0.4
20200423,900,0.6
20200423,1000,0
20200423,1100,0
20200423,1200,0
20200423,1300,0.4
20200423,1400,0
20200423,1500,0
20200423,1600,0.2
20200423,1700,0
20200423,1800,0.4
20200423,1900,0.2
20200423,2000,0
20200423,2100,0
20200423,2200,0
20200423,2300,0
20200424,0,0
20200424,100,0
20200424,200,0
20200424,300,0.4
20200424,400,0
20200424,500,0
20200424,600,2
20200424,700,0
20200424,800,0
20200424,900,0.3
20200424,1000,0
20200424,1100,0
20200424,1200,0
20200424,1300,0
20200424,1400,0
20200424,1500,0.2
20200424,1600,0.6
20200424,1700,1
20200424,1800,0.8
20200424,1900,2
20200424,2000,0.6
20200424,2100,0
20200424,2200,0
20200424,2300,0
20200425,0,0
20200425,100,0
20200425,200,0
20200425,300,0
20200425,400,0
20200425,500,0
20200425,600,0
20200425,700,0
20200425,800,0
20200425,900,0
20200425,1000,0
20200425,1100,0
20200425,1200,0
20200425,1300,0
20200425,1400,0
20200425,1500,0
20200425,1600,0
20200425,1700,0
20200425,1800,0
20200425,1900,0
20200425,2000,0
20200425,2100,0
20200425,2200,0
20200425,2300,0
20200426,0,0
20200426,100,0
20200426,200,0
20200426,300,0
20200426,400,0
20200426,500,0
20200426,600,0
20200426,700,0
20200426,800,0
20200426,900,0
20200426,1000,0
20200426,1100,0
20200426,1200,0.3
20200426,1300,0.4
20200426,1400,0
20200426,1500,0
20200426,1600,0
20200426,1700,0
20200426,1800,0
20200426,1900,0
20200426,2000,0
20200426,2100,0
20200426,2200,0
20200426,2300,0
20200427,0,0
20200427,100,0
20200427,200,0
20200427,300,0
20200427,400,0
20200427,500,0
20200427,600,0
20200427,700,0
20200427,800,0
20200427,900,0.3
20200427,1000,0
20200427,1100,0
20200427,1200,0
20200427,1300,0
20200427,1400,0
20200427,1500,0
20200427,1600,0
20200427,1700,0
20200427,1800,0
20200427,1900,0
20200427,2000,0
20200427,2100,0
20200427,2200,1
20200427,2300,1.1
20200428,0,1
20200428,100,2.3
20200428,200,2
20200428,300,1.1
20200428,400,0.5
20200428,500,0
20200428,600,0.2
20200428,700,0.3
20200428,800,1.4
20200428,900,1.8
20200428,1000,0.7
20200428,1100,1.1
20200428,1200,0.6
20200428,1300,0
20200428,1400,0.2
20200428,1500,1.2
20200428,1600,0
20200428,1700,0
20200428,1800,0
20200428,1900,0
20200428,2000,0
20200428,2100,0.3
20200428,2200,0.2
20200428,2300,0
20200429,0,0
20200429,100,0
20200429,200,0
20200429,300,0
20200429,400,0
20200429,500,0
20200429,600,0
20200429,700,0.3
20200429,800,0
20200429,900,0
20200429,1000,1.4
20200429,1100,2.9
20200429,1200,0.8
20200429,1300,2
20200429,1400,1.7
20200429,1500,2
20200429,1600,2.6
20200429,1700,1.4
20200429,1800,1.4
20200429,1900,1.5
20200429,2000,2
20200429,2100,2.3
20200429,2200,1.7
20200429,2300,0.8
20200430,0,1.3
20200430,100,2.1
20200430,200,0.7
20200430,300,0.3
20200430,400,0
20200430,500,0
20200430,600,0
20200430,700,0
20200430,800,0
20200430,900,0
20200430,1000,0
20200430,1100,0
20200430,1200,0
20200430,1300,0.3
20200430,1400,0.6
20200430,1500,0.6
20200430,1600,0
20200430,1700,0.2
20200430,1800,0.2
20200430,1900,0
20200430,2000,0
20200430,2100,0
20200430,2200,0
20200430,2300,0.2
20200501,0,0.5
20200501,100,0
20200501,200,0.6
20200501,300,0.4
20200501,400,0
20200501,500,0
20200501,600,0
20200501,700,0
20200501,800,0
20200501,900,0
20200501,1000,0
20200501,1100,0
20200501,1200,0
20200501,1300,0
20200501,1400,0
20200501,1500,0
20200501,1600,0
20200501,1700,0
20200501,1800,0
20200501,1900,0
20200501,2000,0
20200501,2100,0
20200501,2200,0
20200501,2300,0
20200502,0,0
20200502,100,0
20200502,200,0
20200502,300,0
20200502,400,0
20200502,500,0
20200502,600,0
20200502,700,0
20200502,800,0
20200502,900,0
20200502,1000,0
20200502,1100,0
20200502,1200,0
20200502,1300,0
20200502,1400,0
20200502,1500,0
20200502,1600,0
20200502,1700,0
20200502,1800,0
20200502,1900,0
20200502,2000,0
20200502,2100,0
20200502,2200,0
20200502,2300,0
20200503,0,0
20200503,100,0
20200503,200,0
20200503,300,0
20200503,400,0
20200503,500,0
20200503,600,2
20200503,700,1.5
20200503,800,0.3
20200503,900,0.2
20200503,1000,0
20200503,1100,0
20200503,1200,0
20200503,1300,0
20200503,1400,0
20200503,1500,0
20200503,1600,0
20200503,1700,0
20200503,1800,0
20200503,1900,0
20200503,2000,0
20200503,2100,0
20200503,2200,0
20200503,2300,0
20200504,0,0
20200504,100,0
20200504,200,0
20200504,300,0.4
20200504,400,0
20200504,500,0.4
20200504,600,1.4
20200504,700,0.7
20200504,800,0
20200504,900,0
20200504,1000,0
20200504,1100,0
20200504,1200,0
20200504,1300,0
20200504,1400,0
20200504,1500,0
20200504,1600,0
20200504,1700,0
20200504,1800,0
20200504,1900,0
20200504,2000,0
20200504,2100,0
20200504,2200,0
20200504,2300,0
20200505,0,0
20200505,100,0
20200505,200,0
20200505,300,0
20200505,400,0
20200505,500,0
20200505,600,0
20200505,700,0
20200505,800,0
20200505,900,0
20200505,1000,0
20200505,1100,0
20200505,1200,0
20200505,1300,0
20200505,1400,0
20200505,1500,0
20200505,1600,0
20200505,1700,0
20200505,1800,0
20200505,1900,0
20200505,2000,0
20200505,2100,0
20200505,2200,0
20200505,2300,0
20200506,0,0
20200506,100,0
20200506,200,0
20200506,300,0
20200506,400,0
20200506,500,0
20200506,600,0
20200506,700,0
20200506,800,0
20200506,900,0
20200506,1000,0
20200506,1100,0
20200506,1200,0
20200506,1300,0
20200506,1400,0
20200506,1500,0
20200506,1600,0
20200506,1700,0
20200506,1800,0
20200506,1900,0
20200506,2000,0
20200506,2100,0
20200506,2200,0
20200506,2300,0
20200507,0,0.5
20200507,100,0
20200507,200,0
20200507,300,0
20200507,400,0
20200507,500,0
20200507,600,0
20200507,700,0
20200507,800,0
20200507,900,0
20200507,1000,0
20200507,1100,0
20200507,1200,0
20200507,1300,0
20200507,1400,0
20200507,1500,0
20200507,1600,0
20200507,1700,0
20200507,1800,0
20200507,1900,0
20200507,2000,0
20200507,2100,0
20200507,2200,0
20200507,2300,0
20200508,0,0
20200508,100,0
20200508,200,0
20200508,300,0
20200508,400,0
20200508,500,0
20200508,600,0
20200508,700,0
20200508,800,0
20200508,900,0
20200508,1000,0
20200508,1100,0
20200508,1200,0
20200508,1300,0
20200508,1400,0
20200508,1500,0
20200508,1600,0
20200508,1700,0
20200508,1800,0
20200508,1900,0
20200508,2000,0
20200508,2100,0
20200508,2200,0
20200508,2300,0
20200509,0,0
20200509,100,0
20200509,200,0
20200509,300,0
20200509,400,0
20200509,500,0
20200509,600,0
20200509,700,0
20200509,800,0
20200509,900,0
20200509,1000,0
20200509,1100,0
20200509,1200,0
20200509,1300,0
20200509,1400,0
20200509,1500,0
20200509,1600,0
20200509,1700,0
20200509,1800,0
20200509,1900,0
20200509,2000,0
20200509,2100,0
20200509,2200,0
20200509,2300,0
20200510,0,0
20200510,100,0
20200510,200,0
20200510,300,0
20200510,400,0
20200510,500,0
20200510,600,0
20200510,700,0
20200510,800,0
20200510,900,0
20200510,1000,0
20200510,1100,0
20200510,1200,0
20200510,1300,0
20200510,1400,0
20200510,1500,0
20200510,1600,0
20200510,1700,0
20200510,1800,0
20200510,1900,0
20200510,2000,0
20200510,2100,0
20200510,2200,0
20200510,2300,0
20200511,0,0
20200511,100,0
20200511,200,0
20200511,300,0
20200511,400,0
20200511,500,0
20200511,600,0
20200511,700,0
20200511,800,0
20200511,900,0
20200511,1000,0
20200511,1100,0
20200511,1200,0
20200511,1300,0
20200511,1400,0
20200511,1500,0
20200511,1600,0
20200511,1700,0
20200511,1800,0
20200511,1900,0
20200511,2000,0
20200511,2100,0
20200511,2200,0
20200511,2300,0
20200512,0,0
20200512,100,0
20200512,200,0
20200512,300,0
20200512,400,0
20200512,500,0
20200512,600,0
20200512,700,0
20200512,800,0
20200512,900,0
20200512,1000,0
20200512,1100,0
20200512,1200,0
20200512,1300,0
20200512,1400,0
20200512,1500,0
20200512,1600,0
20200512,1700,0
20200512,1800,0
20200512,1900,0
20200512,2000,0
20200512,2100,0
20200512,2200,0
20200512,2300,0
20200513,0,0
20200513,100,0
20200513,200,0
20200513,300,0
20200513,400,0
20200513,500,0
20200513,600,0
20200513,700,0
20200513,800,0
20200513,900,0
20200513,1000,0
20200513,1100,0
20200513,1200,0
20200513,1300,0
20200513,1400,0
20200513,1500,0
20200513,1600,0
20200513,1700,0
20200513,1800,0
20200513,1900,0
20200513,2000,0
20200513,2100,0
20200513,2200,0
20200513,2300,0
20200514,0,0
20200514,100,0
20200514,200,0
20200514,300,0
20200514,400,0
20200514,500,0
20200514,600,0
20200514,700,0
20200514,800,0
20200514,900,0
20200514,1000,0
20200514,1100,0
20200514,1200,0
20200514,1300,0
20200514,1400,0
20200514,1500,0
20200514,1600,0
20200514,1700,0
20200514,1800,0
20200514,1900,0
20200514,2000,0
20200514,2100,0
20200514,2200,0
20200514,2300,0
20200515,0,0
20200515,100,0
20200515,200,0
20200515,300,0
20200515,400,0
20200515,500,0
20200515,600,0
20200515,700,0
20200515,800,0
20200515,900,0
20200515,1000,0
20200515,1100,0
20200515,1200,0
20200515,1300,0
20200515,1400,0
20200515,1500,0
20200515,1600,0
20200515,1700,0
20200515,1800,0
20200515,1900,0
20200515,2000,0
20200515,2100,0
20200515,2200,0
20200515,2300,0
20200516,0,0
20200516,100,0
20200516,200,0
20200516,300,0
20200516,400,0
20200516,500,0
20200516,600,0
20200516,700,0
20200516,800,0
20200516,900,0
20200516,1000,0
20200516,1100,0
20200516,1200,0
20200516,1300,0
20200516,1400,0
20200516,1500,0
20200516,1600,0
20200516,1700,0
20200516,1800,0
20200516,1900,0
20200516,2000,0
20200516,2100,0
20200516,2200,0
20200516,2300,0
20200517,0,0
20200517,100,0
20200517,200,0
20200517,300,0
20200517,400,0
20200517,500,0
20200517,600,0
20200517,700,0
20200517,800,0
20200517,900,0
20200517,1000,0
20200517,1100,0
20200517,1200,0
20200517,1300,0
20200517,1400,0
20200517,1500,0
20200517,1600,0
20200517,1700,0
20200517,1800,0
20200517,1900,0
20200517,2000,0
20200517,2100,0
20200517,2200,0
20200517,2300,0
20200518,0,0
20200518,100,0
20200518,200,0
20200518,300,0
20200518,400,0
20200518,500,0
20200518,600,0
20200518,700,0
20200518,800,0
20200518,900,0
20200518,1000,0
20200518,1100,0
20200518,1200,0
20200518,1300,0
20200518,1400,0
20200518,1500,0
20200518,1600,0
20200518,1700,0
20200518,1800,0
20200518,1900,0
20200518,2000,0
20200518,2100,0
20200518,2200,0
20200518,2300,0
20200519,0,0
20200519,100,0
20200519,200,0
20200519,300,0
20200519,400,0
20200519,500,0
20200519,600,0.4
20200519,700,0
20200519,800,0
20200519,900,0.2
20200519,1000,0
20200519,1100,1.2
20200519,1200,0.3
20200519,1300,1.8
20200519,1400,2
20200519,1500,1.5
20200519,1600,0.4
20200519,1700,0.3
20200519,1800,1.5
20200519,1900,0.6
20200519,2000,0
20200519,2100,0.2
20200519,2200,0
20200519,2300,0.2
20200520,0,0.2
20200520,100,0
20200520,200,0
20200520,300,0.4
20200520,400,0
20200520,500,0
20200520,600,0
20200520,700,0
20200520,800,0
20200520,900,0.6
20200520,1000,4.1
20200520,1100,0
20200520,1200,0.2
20200520,1300,0
20200520,1400,0
20200520,1500,0.4
20200520,1600,0.3
20200520,1700,0
20200520,1800,0.4
20200520,1900,0.4
20200520,2000,0
20200520,2100,0.3
20200520,2200,0
20200520,2300,0
20200521,0,0.7
20200521,100,0
20200521,200,0
20200521,300,0
20200521,400,0
20200521,500,0
20200521,600,0
20200521,700,0
20200521,800,0
20200521,900,0
20200521,1000,0
20200521,1100,0
20200521,1200,0
20200521,1300,0
20200521,1400,0
20200521,1500,0
20200521,1600,0
20200521,1700,0
20200521,1800,0
20200521,1900,0
20200521,2000,0
20200521,2100,0
20200521,2200,0
20200521,2300,0
20200522,0,0
20200522,100,0
20200522,200,0
20200522,300,0
20200522,400,0
20200522,500,0
20200522,600,0
20200522,700,0
20200522,800,0
20200522,900,0
20200522,1000,0
20200522,1100,0
20200522,1200,0
20200522,1300,0
20200522,1400,0
20200522,1500,0
20200522,1600,0
20200522,1700,0
20200522,1800,0
20200522,1900,0
20200522,2000,0
20200522,2100,0
20200522,2200,0
20200522,2300,0
20200523,0,0
20200523,100,0
20200523,200,0
20200523,300,0
20200523,400,0
20200523,500,0
20200523,600,0
20200523,700,0
20200523,800,0
20200523,900,0
20200523,1000,0
20200523,1100,0
20200523,1200,0
20200523,1300,0
20200523,1400,0
20200523,1500,0
20200523,1600,0
20200523,1700,0
20200523,1800,0
20200523,1900,0
20200523,2000,0
20200523,2100,0
20200523,2200,0
20200523,2300,0
20200524,0,0
20200524,100,0
20200524,200,0
20200524,300,0
20200524,400,0
20200524,500,0
20200524,600,0
20200524,700,0
20200524,800,0
20200524,900,0
20200524,1000,0
20200524,1100,0.5
20200524,1200,0
20200524,1300,0
20200524,1400,1.2
20200524,1500,1.1
20200524,1600,1.1
20200524,1700,1.2
20200524,1800,0.3
20200524,1900,0.2
20200524,2000,0
20200524,2100,0
20200524,2200,0
20200524,2300,0
20200525,0,0
20200525,100,0
20200525,200,0
20200525,300,0
20200525,400,0
20200525,500,0
20200525,600,0
20200525,700,0
20200525,800,0.2
20200525,900,0.4
20200525,1000,0.7
20200525,1100,0
20200525,1200,0
20200525,1300,0
20200525,1400,0
20200525,1500,0
20200525,1600,0
20200525,1700,0
20200525,1800,0
20200525,1900,0
20200525,2000,0
20200525,2100,0
20200525,2200,0
20200525,2300,